metric_id,metric_name,iso_characteristic,target_platform,context_tags,recommended_label,recommended_initial_value,measurement_method,data_source,timing,basis
FS-01,未対応 Critical 不具合件数,機能適合性,共通,,P1,0件,不具合管理ツールで重要度フィルタ,[不具合管理ツール],リリース判定会議時点,組織標準（06）
FS-02,未対応 Major 不具合件数,機能適合性,共通,,P2,0件（未対応のままリリースする場合は対応期限のコミットメントを逸脱記録に必ず記入）,不具合管理ツールで重要度フィルタ,[不具合管理ツール],リリース判定会議時点,組織標準（06）
FS-12,未対応 Normal / Minor 不具合件数,機能適合性,共通,,P3,記録のみ（目安: 3件以内）,不具合管理ツールで重要度フィルタ,[不具合管理ツール],リリース判定会議時点,チーム合意
FS-03,業務シナリオテスト通過率,機能適合性,共通,,P1,100%（全業務シナリオPass）,テスト実行結果の集計,[テスト管理ツール]の実行結果,テストフェーズ完了時,チーム合意
FS-04,影響範囲リグレッションテスト通過率,機能適合性,共通,,P1,100%,影響範囲分析で特定した範囲のテスト結果を集計,[テスト管理ツール]の実行結果,テストフェーズ完了時,チーム合意
FS-05,外部SDK呼び出し結果のハンドリング網羅率,機能適合性,共通,外部SDK依存,P1,成功／失敗／タイムアウトの全分岐を検証済み,分岐一覧に対するテストケース照合,テスト設計書,テストフェーズ完了時,チーム合意
FS-06,一括インポート／エクスポートのデータ整合性,機能適合性,Web,一括インポート・エクスポート,P1,投入データと出力データが完全一致（件数・値ともに）,既知データセットの往復検証,差分ツール出力,テストフェーズ完了時,チーム合意
FS-07,一括処理の部分失敗時の挙動,機能適合性,Web,一括インポート・エクスポート,P2,エラー行が特定でき、正常行の扱い（全件ロールバック／部分取込）が仕様どおり,不正行を含むファイルで検証,画面表示・出力ログ,テストフェーズ完了時,チーム合意
FS-08,ブラウザバック・リロード時の状態整合性,機能適合性,Web,,P2,戻る／再読込で不正な状態・二重登録が発生しないこと,主要フローの各ステップで戻る・再読込を実施,画面＋データ確認,テストフェーズ完了時,チーム合意
FS-09,同時更新時の排他制御,機能適合性,Web,同時編集,P1,後勝ち上書きによるデータ消失が発生しない（競合を検知し通知する）,2セッションから同一データを同時更新,画面＋データ確認,テストフェーズ完了時,チーム合意
FS-10,帳票・ファイル出力の内容正当性,機能適合性,Web,帳票出力,P2,出力物の項目・値・書式が画面表示と一致する,代表データで出力し目視・差分照合,出力ファイル,テストフェーズ完了時,チーム合意
FS-11,OS権限拒否時のハンドリング,機能適合性,Android / iOS,OS権限利用,P1,権限拒否・後から取消のいずれでもクラッシュせず、復旧導線が示される,権限を拒否,設定から取消して操作／画面確認,テストフェーズ完了時,チーム合意
PE-01,E2E応答時間（認証→デバイス制御完了）,性能効率性,Android / iOS,ハードウェア連携,P1,p95で1秒以内,操作開始から完了表示までを20回以上計測,[APM]・実機計測,RC版での測定,実測ベース
PE-02,E2E応答時間（主要データ書き込み操作）,性能効率性,共通,,P1,p95で5秒以内,主要操作の完了までを計測,[APM],RC版での測定,実測ベース
PE-03,メモリ使用量,性能効率性,Android / iOS,常時稼働,P1,OOM閾値（実測ベース）の80%以内,主要機能を稼働させた状態でプロファイラ計測,Android Studio Profiler・Instruments,RC版での測定,実測ベース
PE-04,長時間稼働時のメモリ増加量（リーク検出）,性能効率性,Android / iOS,常時稼働,P1,12時間経過時点で増加量10MB以下,連続稼働させ開始時と12時間後のヒープを比較,メモリプロファイラ,長期測定,実測ベース
PE-05,発熱（Thermal Status）,性能効率性,Android,"常時稼働, ハードウェア連携",P1,24時間稼働で CRITICAL 以上に到達しない／SEVERE 到達3回以内,Thermal Status をログ採取,アプリログ・[APM],長期測定,業界基準
PE-06,CPU使用率,性能効率性,Android / iOS,,P2,高負荷処理中60%以下／待機時20%以下,状態別にプロファイラで計測,Android Studio Profiler・Instruments,RC版での測定,実測ベース
PE-07,大量データ時の容量耐性,性能効率性,共通,大量データ表示,P2,想定最大件数で表示破綻・性能劣化なし,想定最大件数のデータを投入し一覧・検索を操作,画面確認＋応答時間計測,テストフェーズ完了時,チーム合意
PE-08,Core Web Vitals（LCP）,性能効率性,Web,,P1,p75で2.5秒以内,主要画面の実測,Lighthouse・PageSpeed Insights,RC版での測定,業界基準
PE-09,Core Web Vitals（INP）,性能効率性,Web,,P1,p75で200ms以内,主要操作の実測,Lighthouse・実ユーザー計測,RC版での測定,業界基準
PE-10,Core Web Vitals（CLS）,性能効率性,Web,,P2,p75で0.1以下,主要画面の実測,Lighthouse,RC版での測定,業界基準
PE-11,一括処理の処理時間,性能効率性,Web,一括インポート・エクスポート,P2,想定最大件数でタイムアウトせず完了（閾値: TBD）,想定最大件数のファイルで実測,画面・サーバーログ,テストフェーズ完了時,TBD
PE-12,バッテリー消費,性能効率性,Android / iOS,,P2,TBD（常時給電機器の場合はスコープ外と明記する）,実機でのバッテリー消費計測,Battery Historian 等,RC版での測定,TBD
CO-01,サポートOS×端末の動作保証,互換性,Android / iOS,,P2,顧客利用端末の上位90%をカバー,端末分布データと検証端末リストを照合,Play Console・利用統計,テストフェーズ完了時,チーム合意
CO-02,サポートブラウザ×バージョンの動作保証,互換性,Web,,P2,利用ブラウザの上位95%をカバー,アクセス解析のブラウザ分布と検証マトリクスを照合,[アクセス解析ツール],テストフェーズ完了時,チーム合意
CO-03,画面幅・解像度への対応,互換性,Web,,P2,定義済みブレークポイント全てで表示破綻なし,各ブレークポイントで主要画面を確認,実機・ブラウザ開発者ツール,テストフェーズ完了時,チーム合意
CO-04,他アプリ・OS機能との共存性,互換性,Android / iOS,キオスク運用,P2,MDM操作・OS通知が発生しても主要機能が継続動作,該当イベントを発生させながら主要フローを実行,実機確認,テストフェーズ完了時,チーム合意
CO-05,連携先システムとのデータ整合性,互換性,共通,リアルタイム同期,P1,連携元の変更が規定時間内に反映され、値が一致する,連携元でデータ変更→反映を確認,画面＋APIレスポンス,テストフェーズ完了時,チーム合意
IC-01,エラーメッセージの自己記述性,相互作用機能,共通,,P2,全エラー表示が「何が起きたか」「次に何をすべきか」を含む,エラー表示一覧に対するレビュー,画面確認,テストフェーズ完了時,チーム合意
IC-02,破壊的操作のユーザーエラー防止,相互作用機能,共通,,P1,削除・一括更新等に確認ステップまたは取消手段がある,破壊的操作の一覧に対する動作確認,画面確認,テストフェーズ完了時,チーム合意
IC-03,アクセシビリティ（WCAG 2.2 AA 準拠）,相互作用機能,Web,,P2,主要画面で重大な違反0件,自動チェック＋手動確認,axe DevTools・Lighthouse,テストフェーズ完了時,業界基準
IC-04,キーボード操作のみでの主要業務完結,相互作用機能,Web,権限ロール,P2,主要業務フローがマウスなしで完了できる,キーボードのみで主要フローを実行,手動確認,テストフェーズ完了時,業界基準
IC-05,処理中フィードバックの表示,相互作用機能,共通,,P2,1秒以上かかる処理に進行中表示がある,主要処理の実行時に表示を確認,画面確認,テストフェーズ完了時,チーム合意
RE-01,クラッシュフリー率,信頼性,Android / iOS,,P1,99%以上,計測期間のクラッシュ率を確認,[クラッシュ監視ツール],RC版での測定,実測ベース
RE-02,ANR発生率,信頼性,Android,,P1,0.47%未満,Android Vitals の ANR 率を確認,Play Console,RC版での測定,業界基準
RE-03,ロングラン検証（ソークテスト）,信頼性,Android / iOS,常時稼働,P1,2週間の連続稼働で重大な問題なく動作継続,検証端末を連続稼働させ日次で状態確認,稼働ログ・[クラッシュ監視ツール],長期測定,チーム合意
RE-04,クラッシュ復帰時間,信頼性,Android / iOS,無人運用,P1,ネットワーク正常時15秒以内／ネットワーク障害時60秒以内,強制終了後、操作可能状態に戻るまでを10回以上計測,実機計測,RC版での測定,チーム合意
RE-05,ネットワーク断時の挙動と復旧,信頼性,共通,オフライン耐性,P1,断中はエラー表示で状態を維持し、復旧後に自動再同期する,通信遮断→復旧の操作を実施,画面確認・アプリログ,テストフェーズ完了時,チーム合意
RE-06,JavaScript エラー率,信頼性,Web,,P1,セッションあたりの致命的エラー発生率 1%未満（TBD）,エラー監視ツールで計測,[エラー監視ツール]・[RUM],RC版での測定,TBD
RE-07,主要APIのエラー率,信頼性,共通,,P1,5xx応答率 0.5%未満（TBD）,APM のエラー率を確認,[APM],RC版での測定,TBD
RE-08,セッション期限切れ時の挙動,信頼性,Web,長時間セッション,P2,入力中データを失わずに再認証できる、または警告が事前表示される,セッション期限到達時の操作を検証,画面確認,テストフェーズ完了時,チーム合意
RE-09,バックグラウンド復帰時の状態保持,信頼性,Android / iOS,バックグラウンド動作,P2,長時間バックグラウンド後に復帰しても、状態不整合・強制ログアウトが起きないこと,一定時間バックグラウンドへ回してから復帰,画面確認,テストフェーズ完了時,チーム合意
SE-01,テナント間データ分離,セキュリティ,Web,マルチテナント,P1,他テナントのデータが一切参照できないこと,複数テナントアカウントでの越境アクセス試行,画面＋APIレスポンス,テストフェーズ完了時,チーム合意
SE-02,権限ロールごとのアクセス制御,セキュリティ,共通,権限ロール,P1,全ロール×主要機能で、想定外の参照・操作ができないこと,ロール別マトリクスに沿った操作検証,画面＋APIレスポンス,テストフェーズ完了時,チーム合意
SE-03,個人情報・生体情報の表示／出力制御,セキュリティ,共通,個人情報取扱,P1,ログ・エラー画面・エクスポートに機微情報が露出しないこと,ログ・出力ファイルの内容確認,アプリログ・出力ファイル,テストフェーズ完了時,チーム合意
SE-04,既知脆弱性を持つ依存ライブラリ,セキュリティ,共通,,P1,Critical / High の未対応脆弱性 0件,依存関係スキャン,Dependabot・npm audit 等,RC版での測定,業界基準
SE-05,認証・認可の操作証跡,セキュリティ,共通,"個人情報取扱, 権限ロール",P2,認証成功／失敗・権限変更が追跡可能な形で記録される,該当操作後にログを確認,[ログ基盤]・監査ログ,テストフェーズ完了時,チーム合意
MA-01,分析可能性（エラーログの記録）,保守性,共通,,P2,アプリ起因のエラーがログとして記録されていること,意図的にエラーを発生させログを確認,[ログ基盤]・アプリログ,テストフェーズ完了時,チーム合意
MA-02,分析可能性（クラッシュログのトレース）,保守性,Android / iOS,,P2,クラッシュがスタックトレース付きで記録されていること,クラッシュ発生後にダッシュボードを確認,[クラッシュ監視ツール],テストフェーズ完了時,チーム合意
MA-03,リクエストの追跡可能性,保守性,共通,,P2,画面操作からサーバー処理までを一意のIDで追跡できる,任意の操作のトレースを追跡,[APM],テストフェーズ完了時,チーム合意
FL-01,バージョンアップ時のデータ移行,柔軟性,共通,,P1,旧バージョンからの更新で既存データ・設定が保持される,旧版から新版へ更新して状態を確認,画面確認,テストフェーズ完了時,チーム合意
FL-02,インストール／初期セットアップの完了性,柔軟性,Android / iOS,キオスク運用,P2,手順書どおりに初期設定が完走できること,クリーンな端末で初期設定を実施,手順書との照合,テストフェーズ完了時,チーム合意
FL-03,データ量増加に対する拡張性,柔軟性,Web,"大量データ表示, マルチテナント",P2,想定成長後のデータ量で性能基準を維持,想定成長後の件数でPE系指標を再測定,APM,テストフェーズ完了時,TBD
FL-04,ロールバック可能性,柔軟性,共通,,P2,前バージョンへ戻した際にデータ破損が発生しないこと,更新後にロールバックし状態を確認,画面確認,テストフェーズ完了時,チーム合意
FL-05,アプリ配布・強制アップデートの動作,柔軟性,Android / iOS,,P2,配布経路（ストア／MDM）で更新が配信され、強制アップデート時に旧版利用が適切に遮断される,旧版から更新を実施,画面確認・配信管理コンソール,テストフェーズ完了時,チーム合意
SA-01,フェイルセーフ（デバイス制御失敗時の状態）,安全性,共通,ハードウェア連携,P1,制御失敗時に危険側の状態で停止せず、ユーザーに状態が伝わること,制御失敗を再現し挙動を確認,画面確認・アプリログ,テストフェーズ完了時,チーム合意
SA-02,不可逆操作の誤実行防止,安全性,共通,,P1,誤操作で不可逆な結果（物理デバイスの解錠・全件削除等）が起きないこと,誤操作パターンを想定した検証,画面確認,テストフェーズ完了時,チーム合意
SA-03,異常状態のユーザー通知,安全性,共通,無人運用,P2,復旧が必要な異常が、利用者または管理者に伝わる手段があること,異常状態を再現し通知を確認,画面・通知チャネル,テストフェーズ完了時,チーム合意
